--  Select all tables + export data to file + select only SQL inserts.
-- Order by dependencies
--
-- INSERT INTO public.h_restaurants (restaurant_id, name, email, phone, street_house, city, postcode, country, longitude, latitude, image_url, created, changed, is_deleted, role_id, website, email_user_auth, password_user_auth, capacity) VALUES (5, 'People & Pasta', 'info@people-pasta.ru', '+74956997712', 'Tsvetnoy 25.1', 'Moscow', '127051', 'Russia', 55.773075, 37.620735, null, '2023-03-05 17:17:58.000000', '2023-03-05 17:18:00.000000', false, 1, 'people-pasta.ru', 'admin@people-pasta.ru', '127051admin', 'NOT_SELECTED');
-- INSERT INTO public.h_restaurants (restaurant_id, name, email, phone, street_house, city, postcode, country, longitude, latitude, image_url, created, changed, is_deleted, role_id, website, email_user_auth, password_user_auth, capacity) VALUES (7, 'Au Pont Corbeau', 'reservation@aupontcorbeau.fr', '+33388356068', '21 Quai Saint-Nicolas', 'Strasbourg', '67000', 'France', 48.57902, 7.7502637, null, '2023-03-05 17:25:41.000000', '2023-03-05 17:25:43.000000', false, 1, 'aupontcorbeau.fr', 'admin@aupontcorbeau.fr', '67000admin', 'NOT_SELECTED');
-- INSERT INTO public.h_restaurants (restaurant_id, name, email, phone, street_house, city, postcode, country, longitude, latitude, image_url, created, changed, is_deleted, role_id, website, email_user_auth, password_user_auth, capacity) VALUES (6, 'Trattoria Al Tettarello', 'info@tettarello.it', '+39064742130', 'Via dei Capocci 4', 'Rome', '00184', 'Italy', 41.89754, 12.493423, null, '2023-03-05 17:22:39.000000', '2023-03-05 17:22:40.000000', false, 1, null, 'admin@tettarello.it', '00184admin', 'NOT_SELECTED');
-- INSERT INTO public.h_restaurants (restaurant_id, name, email, phone, street_house, city, postcode, country, longitude, latitude, image_url, created, changed, is_deleted, role_id, website, email_user_auth, password_user_auth, capacity) VALUES (4, 'Nuernberger Bratwurst Gloeckl am Dom', 'info@bratwurst-gloeckl.de', '+490892919450', 'Frauenplatz 9', 'Munich', '80331', 'Germany', 48.13828, 11.574187, '', '2023-03-05 17:15:20.000000', '2023-03-05 17:15:22.000000', false, 1, 'bratwurst-gloeckl.de', 'admin@bratwurst-gloeckl.de', '80331admin', 'NOT_SELECTED');
-- INSERT INTO public.h_restaurants (restaurant_id, name, email, phone, street_house, city, postcode, country, longitude, latitude, image_url, created, changed, is_deleted, role_id, website, email_user_auth, password_user_auth, capacity) VALUES (1, 'The ODI', 'booking@odi.by', '+375447721212', 'Nezalezhnastsi 12', 'Minsk', '220012', 'Belarus', 53.897255, 27.552555, '', '2023-03-05 17:11:06.000000', '2023-03-05 17:11:12.000000', false, 1, 'odi.by', 'admin@odi.by', '220012admin', 'NOT_SELECTED');
--
--
-- INSERT INTO public.restaurants (restaurant_id, name, email, phone, street_house, city, postcode, country, longitude, latitude, "image_URL", created, changed, is_deleted, role_id, website) VALUES (1, 'The ODI', 'booking@odi.by', '+375447721212', 'Nezalezhnastsi 12', 'Minsk', '220012', 'Belarus', 53.897255, 27.552555, '', '2023-03-05 17:11:06.000000', '2023-03-05 17:11:12.000000', false, 1, 'odi.by');
-- INSERT INTO public.restaurants (restaurant_id, name, email, phone, street_house, city, postcode, country, longitude, latitude, "image_URL", created, changed, is_deleted, role_id, website) VALUES (6, 'Trattoria Al Tettarello', 'info@tettarello.it', '+39064742130', 'Via dei Capocci 4', 'Rome', '00184', 'Italy', 41.89754, 12.493423, null, '2023-03-05 17:22:39.000000', '2023-03-05 17:22:40.000000', false, 1, null);
-- INSERT INTO public.restaurants (restaurant_id, name, email, phone, street_house, city, postcode, country, longitude, latitude, "image_URL", created, changed, is_deleted, role_id, website) VALUES (7, 'Au Pont Corbeau', 'reservation@aupontcorbeau.fr', '+33388356068', '21 Quai Saint-Nicolas', 'Strasbourg', '67000', 'France', 48.57902, 7.7502637, null, '2023-03-05 17:25:41.000000', '2023-03-05 17:25:43.000000', false, 1, 'aupontcorbeau.fr');
-- INSERT INTO public.restaurants (restaurant_id, name, email, phone, street_house, city, postcode, country, longitude, latitude, "image_URL", created, changed, is_deleted, role_id, website) VALUES (4, 'Nuernberger Bratwurst Gloeckl am Dom', 'info@bratwurst-gloeckl.de', '+490892919450', 'Frauenplatz 9', 'Munich', '80331', 'Germany', 48.13828, 11.574187, '', '2023-03-05 17:15:20.000000', '2023-03-05 17:15:22.000000', false, 1, 'bratwurst-gloeckl.de');
-- INSERT INTO public.restaurants (restaurant_id, name, email, phone, street_house, city, postcode, country, longitude, latitude, "image_URL", created, changed, is_deleted, role_id, website) VALUES (5, 'People & Pasta', 'info@people-pasta.ru', '+74956997712', 'Tsvetnoy 25.1', 'Moscow', '127051', 'Russia', 55.773075, 37.620735, null, '2023-03-05 17:17:58.000000', '2023-03-05 17:18:00.000000', false, 1, 'people-pasta.ru');
--
-- INSERT INTO public.slots (slot_id, restaurant_id, day_calendar, is_available, created, changed, is_deleted, reservation_id, time_slot) VALUES (6, 4, '2023-03-07', true, '2023-03-06 15:04:26.000000', '2023-03-06 15:04:30.000000', false, null, '12:15:00');
-- INSERT INTO public.slots (slot_id, restaurant_id, day_calendar, is_available, created, changed, is_deleted, reservation_id, time_slot) VALUES (2, 1, '2023-03-07', true, '2023-03-06 15:04:26.000000', '2023-03-06 15:04:30.000000', false, null, '12:30:00');
-- INSERT INTO public.slots (slot_id, restaurant_id, day_calendar, is_available, created, changed, is_deleted, reservation_id, time_slot) VALUES (8, 4, '2023-03-07', false, '2023-03-06 15:00:52.000000', '2023-03-06 15:00:55.000000', false, null, '12:45:00');
-- INSERT INTO public.slots (slot_id, restaurant_id, day_calendar, is_available, created, changed, is_deleted, reservation_id, time_slot) VALUES (4, 1, '2023-03-07', true, '2023-03-06 15:00:52.000000', '2023-03-06 15:00:55.000000', false, null, '13:00:00');
-- INSERT INTO public.slots (slot_id, restaurant_id, day_calendar, is_available, created, changed, is_deleted, reservation_id, time_slot) VALUES (3, 1, '2023-03-07', true, '2023-03-06 15:04:51.000000', '2023-03-06 15:04:55.000000', false, null, '12:45:00');
-- INSERT INTO public.slots (slot_id, restaurant_id, day_calendar, is_available, created, changed, is_deleted, reservation_id, time_slot) VALUES (7, 4, '2023-03-07', true, '2023-03-06 15:04:51.000000', '2023-03-06 15:04:55.000000', false, null, '12:30:00');
-- INSERT INTO public.slots (slot_id, restaurant_id, day_calendar, is_available, created, changed, is_deleted, reservation_id, time_slot) VALUES (9, 4, '2023-03-07', false, '2023-03-06 15:04:26.000000', '2023-03-06 15:04:30.000000', false, null, '13:00:00');
-- INSERT INTO public.slots (slot_id, restaurant_id, day_calendar, is_available, created, changed, is_deleted, reservation_id, time_slot) VALUES (1, 1, '2023-03-07', true, '2023-03-06 15:00:52.000000', '2023-03-06 15:00:55.000000', false, null, '12:15:00');
-- INSERT INTO public.slots (slot_id, restaurant_id, day_calendar, is_available, created, changed, is_deleted, reservation_id, time_slot) VALUES (10, 4, '2023-03-07', false, '2023-03-06 15:04:26.000000', '2023-03-06 15:04:30.000000', false, null, '13:15:00');
-- INSERT INTO public.slots (slot_id, restaurant_id, day_calendar, is_available, created, changed, is_deleted, reservation_id, time_slot) VALUES (11, 5, '2023-03-07', true, '2023-03-06 15:04:26.000000', '2023-03-06 15:04:30.000000', false, null, '12:15:00');
-- INSERT INTO public.slots (slot_id, restaurant_id, day_calendar, is_available, created, changed, is_deleted, reservation_id, time_slot) VALUES (12, 5, '2023-03-07', true, '2023-03-06 15:04:51.000000', '2023-03-06 15:04:55.000000', false, null, '12:30:00');
-- INSERT INTO public.slots (slot_id, restaurant_id, day_calendar, is_available, created, changed, is_deleted, reservation_id, time_slot) VALUES (13, 5, '2023-03-07', true, '2023-03-06 15:00:52.000000', '2023-03-06 15:00:55.000000', false, null, '12:45:00');
-- INSERT INTO public.slots (slot_id, restaurant_id, day_calendar, is_available, created, changed, is_deleted, reservation_id, time_slot) VALUES (14, 5, '2023-03-07', true, '2023-03-06 15:04:26.000000', '2023-03-06 15:04:30.000000', false, null, '13:00:00');
-- INSERT INTO public.slots (slot_id, restaurant_id, day_calendar, is_available, created, changed, is_deleted, reservation_id, time_slot) VALUES (15, 5, '2023-03-07', true, '2023-03-06 15:04:26.000000', '2023-03-06 15:04:30.000000', false, null, '13:15:00');
-- INSERT INTO public.slots (slot_id, restaurant_id, day_calendar, is_available, created, changed, is_deleted, reservation_id, time_slot) VALUES (16, 6, '2023-03-07', false, '2023-03-06 15:23:48.000000', '2023-03-06 15:23:52.000000', false, null, '12:15:00');
-- INSERT INTO public.slots (slot_id, restaurant_id, day_calendar, is_available, created, changed, is_deleted, reservation_id, time_slot) VALUES (17, 6, '2023-03-07', false, '2023-03-06 15:04:51.000000', '2023-03-06 15:04:55.000000', false, null, '12:30:00');
-- INSERT INTO public.slots (slot_id, restaurant_id, day_calendar, is_available, created, changed, is_deleted, reservation_id, time_slot) VALUES (18, 6, '2023-03-07', false, '2023-03-06 15:00:52.000000', '2023-03-06 15:00:55.000000', false, null, '12:45:00');
-- INSERT INTO public.slots (slot_id, restaurant_id, day_calendar, is_available, created, changed, is_deleted, reservation_id, time_slot) VALUES (19, 6, '2023-03-07', true, '2023-03-06 15:04:26.000000', '2023-03-06 15:04:30.000000', false, null, '13:00:00');
-- INSERT INTO public.slots (slot_id, restaurant_id, day_calendar, is_available, created, changed, is_deleted, reservation_id, time_slot) VALUES (20, 6, '2023-03-07', true, '2023-03-06 15:04:26.000000', '2023-03-06 15:04:30.000000', false, null, '13:15:00');
-- INSERT INTO public.slots (slot_id, restaurant_id, day_calendar, is_available, created, changed, is_deleted, reservation_id, time_slot) VALUES (21, 7, '2023-03-07', true, '2023-03-06 15:04:51.000000', '2023-03-06 15:04:55.000000', false, null, '12:30:00');
-- INSERT INTO public.slots (slot_id, restaurant_id, day_calendar, is_available, created, changed, is_deleted, reservation_id, time_slot) VALUES (22, 7, '2023-03-07', true, '2023-03-06 15:00:52.000000', '2023-03-06 15:00:55.000000', false, null, '12:45:00');
-- INSERT INTO public.slots (slot_id, restaurant_id, day_calendar, is_available, created, changed, is_deleted, reservation_id, time_slot) VALUES (25, 7, '2023-03-07', true, '2023-03-06 15:04:26.000000', '2023-03-06 15:04:30.000000', false, null, '13:15:00');
-- INSERT INTO public.slots (slot_id, restaurant_id, day_calendar, is_available, created, changed, is_deleted, reservation_id, time_slot) VALUES (26, 6, '2023-03-07', true, '2023-03-08 19:08:58.559927', '2023-03-08 19:08:58.559927', false, null, '13:30:00');
-- INSERT INTO public.slots (slot_id, restaurant_id, day_calendar, is_available, created, changed, is_deleted, reservation_id, time_slot) VALUES (27, 6, '2023-03-07', true, '2023-03-08 19:14:36.415885', '2023-03-08 19:14:36.415885', false, null, '13:30:00');
-- INSERT INTO public.slots (slot_id, restaurant_id, day_calendar, is_available, created, changed, is_deleted, reservation_id, time_slot) VALUES (28, 6, '2023-03-07', true, '2023-03-08 19:15:18.346991', '2023-03-08 19:15:18.346991', false, null, '13:30:00');
-- INSERT INTO public.slots (slot_id, restaurant_id, day_calendar, is_available, created, changed, is_deleted, reservation_id, time_slot) VALUES (30, 6, '2023-03-07', true, '2023-03-08 19:20:49.605606', '2023-03-08 19:20:49.605606', false, null, '13:30:00');
-- INSERT INTO public.slots (slot_id, restaurant_id, day_calendar, is_available, created, changed, is_deleted, reservation_id, time_slot) VALUES (31, 6, '2023-03-07', true, '2023-03-08 19:23:00.329244', '2023-03-08 19:23:00.329244', false, null, '13:30:00');
-- INSERT INTO public.slots (slot_id, restaurant_id, day_calendar, is_available, created, changed, is_deleted, reservation_id, time_slot) VALUES (32, 6, '2023-03-07', true, '2023-03-08 19:28:14.656630', '2023-03-08 19:28:14.656630', false, null, '13:30:00');
-- INSERT INTO public.slots (slot_id, restaurant_id, day_calendar, is_available, created, changed, is_deleted, reservation_id, time_slot) VALUES (33, 6, '2023-03-07', true, '2023-03-08 19:37:23.042889', '2023-03-08 19:37:23.042889', false, null, '13:30:00');
-- INSERT INTO public.slots (slot_id, restaurant_id, day_calendar, is_available, created, changed, is_deleted, reservation_id, time_slot) VALUES (34, 4, '2023-03-07', true, '2023-03-08 21:27:20.315021', '2023-03-08 21:27:20.315021', false, null, '13:30:00');
-- INSERT INTO public.slots (slot_id, restaurant_id, day_calendar, is_available, created, changed, is_deleted, reservation_id, time_slot) VALUES (5, 1, '2023-03-07', true, '2023-03-06 15:04:26.000000', '2023-03-08 22:42:42.693161', false, 0, '13:15:00');
--
-- INSERT INTO public.tables (id, restaurant_id, table_number, capacity, placement, created, changed, is_deleted) VALUES (1, 1, 20, 4, 'terrasse', '2023-03-06 15:27:08.000000', '2023-03-06 15:27:09.000000', false);
-- INSERT INTO public.tables (id, restaurant_id, table_number, capacity, placement, created, changed, is_deleted) VALUES (2, 1, 21, 4, 'terrasse', '2023-03-06 15:27:30.000000', '2023-03-06 15:27:31.000000', false);
-- INSERT INTO public.tables (id, restaurant_id, table_number, capacity, placement, created, changed, is_deleted) VALUES (3, 1, 22, 2, 'terrasse', '2023-03-06 15:27:53.000000', '2023-03-06 15:27:55.000000', false);
-- INSERT INTO public.tables (id, restaurant_id, table_number, capacity, placement, created, changed, is_deleted) VALUES (4, 1, 23, 2, 'terrasse', '2023-03-06 15:28:14.000000', '2023-03-06 15:28:16.000000', false);
-- INSERT INTO public.tables (id, restaurant_id, table_number, capacity, placement, created, changed, is_deleted) VALUES (23, 4, 1, 6, 'hall', '2023-03-06 15:28:34.000000', '2023-03-06 15:28:36.000000', false);
-- INSERT INTO public.tables (id, restaurant_id, table_number, capacity, placement, created, changed, is_deleted) VALUES (24, 4, 2, 4, 'hall', '2023-03-06 15:28:52.000000', '2023-03-06 15:28:52.000000', false);
-- INSERT INTO public.tables (id, restaurant_id, table_number, capacity, placement, created, changed, is_deleted) VALUES (25, 4, 4, 4, 'hall', '2023-03-06 15:29:07.000000', '2023-03-06 15:29:08.000000', false);
-- INSERT INTO public.tables (id, restaurant_id, table_number, capacity, placement, created, changed, is_deleted) VALUES (26, 4, 40, 2, 'hall', '2023-03-06 15:29:24.000000', '2023-03-06 15:29:25.000000', false);
-- INSERT INTO public.tables (id, restaurant_id, table_number, capacity, placement, created, changed, is_deleted) VALUES (27, 5, 8, 5, 'hall', '2023-03-06 15:29:38.000000', '2023-03-06 15:29:39.000000', false);
-- INSERT INTO public.tables (id, restaurant_id, table_number, capacity, placement, created, changed, is_deleted) VALUES (28, 5, 10, 2, 'hall', '2023-03-06 15:29:49.000000', '2023-03-06 15:29:49.000000', false);
-- INSERT INTO public.tables (id, restaurant_id, table_number, capacity, placement, created, changed, is_deleted) VALUES (29, 5, 11, 4, 'hall', '2023-03-06 15:30:02.000000', '2023-03-06 15:30:02.000000', false);
-- INSERT INTO public.tables (id, restaurant_id, table_number, capacity, placement, created, changed, is_deleted) VALUES (30, 5, 36, 6, 'terrasse', '2023-03-06 15:30:13.000000', '2023-03-06 15:30:14.000000', false);
-- INSERT INTO public.tables (id, restaurant_id, table_number, capacity, placement, created, changed, is_deleted) VALUES (31, 6, 21, 4, 'terrasse', '2023-03-06 15:30:44.000000', '2023-03-06 15:30:45.000000', false);
-- INSERT INTO public.tables (id, restaurant_id, table_number, capacity, placement, created, changed, is_deleted) VALUES (32, 6, 22, 4, 'terrasse', '2023-03-06 15:30:47.000000', '2023-03-06 15:30:48.000000', false);
-- INSERT INTO public.tables (id, restaurant_id, table_number, capacity, placement, created, changed, is_deleted) VALUES (33, 6, 23, 2, 'terrasse', '2023-03-06 15:30:50.000000', '2023-03-06 15:30:51.000000', false);
-- INSERT INTO public.tables (id, restaurant_id, table_number, capacity, placement, created, changed, is_deleted) VALUES (34, 6, 24, 2, 'terrasse', '2023-03-06 15:30:53.000000', '2023-03-06 15:30:53.000000', false);
-- INSERT INTO public.tables (id, restaurant_id, table_number, capacity, placement, created, changed, is_deleted) VALUES (35, 7, 26, 4, 'terrasse', '2023-03-06 15:31:30.000000', '2023-03-06 15:31:30.000000', false);
-- INSERT INTO public.tables (id, restaurant_id, table_number, capacity, placement, created, changed, is_deleted) VALUES (36, 7, 27, 3, 'terrasse', '2023-03-06 15:31:32.000000', '2023-03-06 15:31:33.000000', false);
-- INSERT INTO public.tables (id, restaurant_id, table_number, capacity, placement, created, changed, is_deleted) VALUES (37, 7, 28, 6, 'terrasse', '2023-03-06 15:31:34.000000', '2023-03-06 15:31:35.000000', false);
-- INSERT INTO public.tables (id, restaurant_id, table_number, capacity, placement, created, changed, is_deleted) VALUES (38, 7, 29, 2, 'terrasse', '2023-03-06 15:31:36.000000', '2023-03-06 15:31:36.000000', false);
--
-- INSERT INTO public.c_times (time_id, time) VALUES (1215, '12:15:00');
-- INSERT INTO public.c_times (time_id, time) VALUES (1230, '12:30:00');
-- INSERT INTO public.c_times (time_id, time) VALUES (1245, '12:45:00');
-- INSERT INTO public.c_times (time_id, time) VALUES (1300, '13:00:00');
-- INSERT INTO public.c_times (time_id, time) VALUES (1315, '13:15:00');
--
-- INSERT INTO public.c_roles (role_id, name, category, created, changed, is_deleted) VALUES (1, 'admin', 1, '2023-03-05 16:54:03.000000', '2023-04-05 16:54:05.000000', false);
-- INSERT INTO public.c_roles (role_id, name, category, created, changed, is_deleted) VALUES (2, 'restaurant', 2, '2023-04-09 14:46:43.000000', '2023-04-09 14:47:01.000000', false);
--
-- INSERT INTO public.subscriptions (subscription_id, restaurant_id, is_paid, days_quantity, next_payment_date, created, changed, is_deleted, role_id) VALUES (5, 6, true, 60, '2023-05-09 14:43:18.000000', '2023-04-09 14:43:27.000000', '2023-04-09 14:43:31.000000', false, 1);
-- INSERT INTO public.subscriptions (subscription_id, restaurant_id, is_paid, days_quantity, next_payment_date, created, changed, is_deleted, role_id) VALUES (6, 7, false, 30, '2023-04-08 14:45:50.000000', '2023-04-09 14:46:05.000000', '2023-04-09 14:46:08.000000', false, 1);
-- INSERT INTO public.subscriptions (subscription_id, restaurant_id, is_paid, days_quantity, next_payment_date, created, changed, is_deleted, role_id) VALUES (3, 1, true, 90, '2023-05-11 00:00:00.000000', '2023-04-09 14:39:32.000000', '2023-04-09 14:39:36.000000', false, 1);
-- INSERT INTO public.subscriptions (subscription_id, restaurant_id, is_paid, days_quantity, next_payment_date, created, changed, is_deleted, role_id) VALUES (8, 4, false, 30, '2023-10-16 16:21:19.000000', '2023-04-16 16:21:29.000000', '2023-04-16 16:21:31.000000', false, 1);
--
-- INSERT INTO public.billing_data (billing_data_id, restaurant_id, iban, bic, created, changed, is_deleted, role_id) VALUES (1, 1, 'FR6710379010010002417635136', 'CMCIFR5A', '2023-04-09 14:41:37.000000', '2023-04-09 14:41:40.000000', false, 1);
-- INSERT INTO public.billing_data (billing_data_id, restaurant_id, iban, bic, created, changed, is_deleted, role_id) VALUES (2, 6, 'FR9810379010010002417635167', 'CMAIFR5A', '2023-04-09 14:45:01.000000', '2023-04-09 14:45:03.000000', false, 1);
-- INSERT INTO public.billing_data (billing_data_id, restaurant_id, iban, bic, created, changed, is_deleted, role_id) VALUES (3, 7, 'DE4587239010010002417635167', 'CMCIDE5B', '2023-04-09 14:48:01.000000', '2023-04-09 14:48:03.000000', false, 1);
-- INSERT INTO public.billing_data (billing_data_id, restaurant_id, iban, bic, created, changed, is_deleted, role_id) VALUES (20, 6, 'FR6710379010010002417635136', 'CMCIFR5A', '2023-04-26 12:15:02.165227', '2023-04-26 12:15:02.165227', false, 2);
-- INSERT INTO public.billing_data (billing_data_id, restaurant_id, iban, bic, created, changed, is_deleted, role_id) VALUES (21, 7, 'FR6710379010010002417635136', 'CMCIFR5A', '2023-04-26 12:15:11.781791', '2023-04-26 12:15:11.781791', false, 2);
-- INSERT INTO public.billing_data (billing_data_id, restaurant_id, iban, bic, created, changed, is_deleted, role_id) VALUES (22, 4, 'FR6710379010010002417635136', 'CMCIFR5A', '2023-04-26 12:15:11.781791', '2023-04-26 12:15:11.781791', false, 2);
-- INSERT INTO public.billing_data (billing_data_id, restaurant_id, iban, bic, created, changed, is_deleted, role_id) VALUES (23, 4, 'FR6710379010010002417635136', 'CMCIDE5B', '2023-04-26 12:19:44.572320', '2023-04-26 12:19:44.572320', false, 1);
-- INSERT INTO public.billing_data (billing_data_id, restaurant_id, iban, bic, created, changed, is_deleted, role_id) VALUES (24, 4, 'FR6710379010010002417635136', 'CMCIDE5B', '2023-04-26 12:25:30.121196', '2023-04-26 12:25:30.121196', false, 1);
-- INSERT INTO public.billing_data (billing_data_id, restaurant_id, iban, bic, created, changed, is_deleted, role_id) VALUES (25, 4, 'FR6710379010010002417635136', 'CMCIDE5B', '2023-04-26 12:25:47.492319', '2023-04-26 12:25:47.492319', false, 1);
-- INSERT INTO public.billing_data (billing_data_id, restaurant_id, iban, bic, created, changed, is_deleted, role_id) VALUES (26, 5, 'FR6710379010010002417635136', 'CMCIFR5A', '2023-04-26 12:26:43.921815', '2023-04-26 12:26:43.921815', false, 1);
-- INSERT INTO public.billing_data (billing_data_id, restaurant_id, iban, bic, created, changed, is_deleted, role_id) VALUES (27, 4, 'FR6710379010010002417635136', 'CMCIDE5B', '2023-04-26 13:05:29.308469', '2023-04-26 13:05:29.308469', false, 1);
-- INSERT INTO public.billing_data (billing_data_id, restaurant_id, iban, bic, created, changed, is_deleted, role_id) VALUES (28, 4, 'FR6710379010010002417635136', 'CMCIFR5A', '2023-04-26 15:26:06.769575', '2023-04-26 15:26:06.769575', false, 1);
-- INSERT INTO public.billing_data (billing_data_id, restaurant_id, iban, bic, created, changed, is_deleted, role_id) VALUES (29, 7, 'FR6710379010010002417635136', 'CMCIDE5B', '2023-04-26 16:05:45.014758', '2023-04-26 16:05:45.014758', false, 1);
-- INSERT INTO public.billing_data (billing_data_id, restaurant_id, iban, bic, created, changed, is_deleted, role_id) VALUES (30, 1, 'FR1810379010010002417635136', 'CMCIDE5C', '2023-04-26 16:08:04.931458', '2023-04-26 16:08:04.931458', false, 2);
-- INSERT INTO public.billing_data (billing_data_id, restaurant_id, iban, bic, created, changed, is_deleted, role_id) VALUES (31, 1, 'FR6710379010010002417635136', 'CMCIDE5B', '2023-04-26 16:17:44.951071', '2023-04-26 16:17:44.951071', false, 1);
-- INSERT INTO public.billing_data (billing_data_id, restaurant_id, iban, bic, created, changed, is_deleted, role_id) VALUES (32, 1, 'FR6710379010010002417635136', 'CMCIDE5B', '2023-04-26 16:18:36.687941', '2023-04-26 16:18:36.687941', false, 1);
-- INSERT INTO public.billing_data (billing_data_id, restaurant_id, iban, bic, created, changed, is_deleted, role_id) VALUES (34, 5, 'FR1510379010010002417635136', 'FDCIDE5B', '2023-04-26 16:21:32.000843', '2023-04-26 16:21:32.000843', false, 1);
-- INSERT INTO public.billing_data (billing_data_id, restaurant_id, iban, bic, created, changed, is_deleted, role_id) VALUES (35, 1, 'FR1810379010010002417635136', 'CMCIDE43', '2023-04-26 16:22:46.600203', '2023-04-26 16:22:46.600203', false, 2);
-- INSERT INTO public.billing_data (billing_data_id, restaurant_id, iban, bic, created, changed, is_deleted, role_id) VALUES (36, 7, 'FR1810379010010002417635136', 'CMCIDE43', '2023-04-28 15:56:23.971399', '2023-04-28 15:56:23.971399', false, 1);
-- INSERT INTO public.billing_data (billing_data_id, restaurant_id, iban, bic, created, changed, is_deleted, role_id) VALUES (38, 5, 'FR6710379010010002417635136', 'CMCIDE5B', '2023-04-28 17:10:12.914278', '2023-04-28 17:10:12.914278', false, 2);
-- INSERT INTO public.billing_data (billing_data_id, restaurant_id, iban, bic, created, changed, is_deleted, role_id) VALUES (44, 7, 'FR6710379010010002417635136', 'CMCIDE5B', '2023-04-28 19:04:17.953996', '2023-04-28 19:04:17.953996', false, 1);
-- INSERT INTO public.billing_data (billing_data_id, restaurant_id, iban, bic, created, changed, is_deleted, role_id) VALUES (46, 6, 'FR6710379010010002417635136', 'CMCIDE5B', '2023-04-28 19:09:41.185690', '2023-04-28 19:09:41.185690', false, 1);
-- INSERT INTO public.billing_data (billing_data_id, restaurant_id, iban, bic, created, changed, is_deleted, role_id) VALUES (47, 5, 'FR6710379010010002417635136', 'CMCIDE5B', '2023-04-28 19:34:12.974765', '2023-04-28 19:34:12.974765', false, 1);
-- INSERT INTO public.billing_data (billing_data_id, restaurant_id, iban, bic, created, changed, is_deleted, role_id) VALUES (48, 5, 'R6710379010010002417635136', 'CMCIDE5B', '2023-04-28 19:34:19.774527', '2023-04-28 19:34:19.774527', false, 1);
-- INSERT INTO public.billing_data (billing_data_id, restaurant_id, iban, bic, created, changed, is_deleted, role_id) VALUES (49, 5, 'FR6710379010010002417635136', 'CMCIDE5B', '2023-04-28 19:38:55.813436', '2023-04-28 19:38:55.813436', false, 1);
-- INSERT INTO public.billing_data (billing_data_id, restaurant_id, iban, bic, created, changed, is_deleted, role_id) VALUES (50, 5, 'FR6710379010010002417635136', 'CMCIDE5B', '2023-04-28 20:12:26.474578', '2023-04-28 20:12:26.474578', false, 1);
-- INSERT INTO public.billing_data (billing_data_id, restaurant_id, iban, bic, created, changed, is_deleted, role_id) VALUES (51, 1, 'FR6710379010010002417635136', 'CMCIDE5B', '2023-04-28 20:29:09.065162', '2023-04-28 20:29:09.065162', false, 1);
-- INSERT INTO public.billing_data (billing_data_id, restaurant_id, iban, bic, created, changed, is_deleted, role_id) VALUES (52, 7, 'FR6710379010010002417635136', 'CMCIDE5B', '2023-04-28 20:32:54.494589', '2023-04-28 20:32:54.494589', false, 1);
-- INSERT INTO public.billing_data (billing_data_id, restaurant_id, iban, bic, created, changed, is_deleted, role_id) VALUES (54, 5, 'FR6710379010010002417635136', 'CMCIDE5B', '2023-04-28 20:53:12.129451', '2023-04-28 20:53:12.129451', false, 1);
-- INSERT INTO public.billing_data (billing_data_id, restaurant_id, iban, bic, created, changed, is_deleted, role_id) VALUES (55, 7, 'FR6710379010010002417635136', 'CMCIDE43', '2023-04-29 15:36:50.520127', '2023-04-29 15:36:50.520127', false, 1);
-- INSERT INTO public.billing_data (billing_data_id, restaurant_id, iban, bic, created, changed, is_deleted, role_id) VALUES (56, 7, 'FR6710379010010002417635136', 'CMCIDE43', '2023-04-29 17:43:21.688794', '2023-04-29 17:43:21.688794', false, 1);
-- INSERT INTO public.billing_data (billing_data_id, restaurant_id, iban, bic, created, changed, is_deleted, role_id) VALUES (57, 1, 'FR6710379010010002417635136', 'CMCIDE43', '2023-04-29 18:39:30.335663', '2023-04-29 18:39:30.335663', false, 1);
-- INSERT INTO public.billing_data (billing_data_id, restaurant_id, iban, bic, created, changed, is_deleted, role_id) VALUES (58, 1, 'FR6710379010010002417635136', 'CMCIDE43', '2023-04-29 19:11:22.339503', '2023-04-29 19:11:22.339503', false, 1);
-- INSERT INTO public.billing_data (billing_data_id, restaurant_id, iban, bic, created, changed, is_deleted, role_id) VALUES (59, 7, 'FR6710379010010002417635136', 'CMCIDE43', '2023-04-29 19:11:58.124671', '2023-04-29 19:11:58.124671', false, 1);
-- INSERT INTO public.billing_data (billing_data_id, restaurant_id, iban, bic, created, changed, is_deleted, role_id) VALUES (62, 4, 'FR6710379010010002417635136', 'CMCIDE43', '2023-04-29 19:22:12.444669', '2023-04-29 19:22:12.444669', false, 1);
-- INSERT INTO public.billing_data (billing_data_id, restaurant_id, iban, bic, created, changed, is_deleted, role_id) VALUES (65, 4, 'FR6710379010010002417635136', 'CMCIDE43', '2023-04-29 19:24:56.403547', '2023-04-29 19:24:56.403547', false, 1);
-- INSERT INTO public.billing_data (billing_data_id, restaurant_id, iban, bic, created, changed, is_deleted, role_id) VALUES (33, 5, 'FR1510379010010002417635136', 'CMCIDE43', '2023-04-26 16:21:13.957541', '2023-04-26 16:21:13.957541', false, 1);